Pairings_input	Pairings_genecluster	Pairings_annotation	Pairings_name	Pairings_locus_tag	Pairings_perc_ident	Pairings_perc_coverage	Pairings_strand	Pairings_start	Pairings_end	Pairings_blastscore	Pairings_evalue	MiBiG_biosynthetic_class	MiBiG_product_compound1	MiBiG_product_compound2	MiBiG_product_compound3	Genome_accession	Organism	Data_file
input|c2|35211-36108|+|MAE_00500|hypothetical	BGC0001167_c1	putative_prenyl_transferase	AFK79989.1	AFK79989.1	83	98.99328859060402	+	792	1682	508	5e-144	RiPP	piricyclamide			AP009552	Microcystis aeruginosa NIES-843	GCA_000010625.1_ASM1062v1_genomic.json
input|c2|36187-36520|+|MAE_00510|hypothetical	BGC0001167_c1	hypothetical_protein	AFK79990.1	AFK79990.1	75	97.27272727272728	+	1694	2152	166	1.7e-41	RiPP	piricyclamide			AP009552	Microcystis aeruginosa NIES-843	GCA_000010625.1_ASM1062v1_genomic.json
input|c2|36516-37185|+|MAE_00520|hypothetical	BGC0001167_c1	hypothetical_protein	AFK79992.1	AFK79992.1	84	99.54954954954955	+	2805	3488	379	3.4e-105	RiPP	piricyclamide			AP009552	Microcystis aeruginosa NIES-843	GCA_000010625.1_ASM1062v1_genomic.json
input|c2|37227-37674|+|MAE_00530|hypothetical	BGC0001167_c1	hypothetical_protein	AFK79990.1	AFK79990.1	76	100	+	1694	2152	239	3.6e-63	RiPP	piricyclamide			AP009552	Microcystis aeruginosa NIES-843	GCA_000010625.1_ASM1062v1_genomic.json
input|c2|38310-38682|+|MAE_00550|putative	BGC0001167_c1	N-terminal_cyanobactin_protease	AFK79993.1	AFK79993.1	80	81.30081300813008	+	3494	5431	168	8.6e-42	RiPP	piricyclamide			AP009552	Microcystis aeruginosa NIES-843	GCA_000010625.1_ASM1062v1_genomic.json
input|c2|43174-44089|+|MAE_00590|putative	BGC0001167_c1	N-terminal_cyanobactin_protease	AFK79993.1	AFK79993.1	86	93.42105263157895	+	3494	5431	501	8.1e-142	RiPP	piricyclamide			AP009552	Microcystis aeruginosa NIES-843	GCA_000010625.1_ASM1062v1_genomic.json
input|c2|46417-47488|+|MAE_00640|putative	BGC0001167_c1	N-terminal_cyanobactin_protease	AFK79993.1	AFK79993.1	96	100.56179775280899	+	3494	5431	676	2.8e-194	RiPP	piricyclamide			AP009552	Microcystis aeruginosa NIES-843	GCA_000010625.1_ASM1062v1_genomic.json
input|c2|47616-47826|+|MAE_00650|hypothetical	BGC0001167_c1	hypothetical_protein	AFK79994.1	AFK79994.1	99	100	+	5560	5769	152	2.1e-37	RiPP	piricyclamide			AP009552	Microcystis aeruginosa NIES-843	GCA_000010625.1_ASM1062v1_genomic.json
input|c2|49053-49209|+|MAE_00670|unknown	BGC0001167_c1	piricyclamide_precursor	AFK79996.1	AFK79996.1	98	100	+	6159	6314	108	3.3e-24	RiPP	piricyclamide			AP009552	Microcystis aeruginosa NIES-843	GCA_000010625.1_ASM1062v1_genomic.json
input|c2|49280-50063|-|MAE_00680|hypothetical	BGC0001167_c1	hypothetical_protein	AFK79997.1	AFK79997.1	92	98.84615384615385	-	6396	7187	480	1.3e-135	RiPP	piricyclamide			AP009552	Microcystis aeruginosa NIES-843	GCA_000010625.1_ASM1062v1_genomic.json
input|c2|50139-50649|+|MAE_00690|putative	BGC0001167_c1	C-terminal_cyanoabactin_protease	AFK79998.1	AFK79998.1	89	100	+	7255	9324	317	1.2e-86	RiPP	piricyclamide			AP009552	Microcystis aeruginosa NIES-843	GCA_000010625.1_ASM1062v1_genomic.json
input|c2|50783-52235|+|MAE_00700|putative	BGC0001167_c1	C-terminal_cyanoabactin_protease	AFK79998.1	AFK79998.1	96	98.34368530020704	+	7255	9324	892	2.6e-259	RiPP	piricyclamide			AP009552	Microcystis aeruginosa NIES-843	GCA_000010625.1_ASM1062v1_genomic.json
input|c2|35211-36108|+|MAE_00500|hypothetical	BGC0000472_c1	anacyclamide_synthesis_protein_AcyF	ADA00390.1	ADA00390.1	73	98.99328859060402	+	5912	6802	448	1e-125	RiPP	anacyclamide A10			AP009552	Microcystis aeruginosa NIES-843	GCA_000010625.1_ASM1062v1_genomic.json
input|c2|36516-37185|+|MAE_00520|hypothetical	BGC0000472_c1	hypothetical_protein	ADA00392.1	ADA00392.1	72	99.54954954954955	+	7497	8180	326	2.6e-89	RiPP	anacyclamide A10			AP009552	Microcystis aeruginosa NIES-843	GCA_000010625.1_ASM1062v1_genomic.json
input|c2|35211-36108|+|MAE_00500|hypothetical	BGC0000479_c1	putative_prenyl_transferase	AED99429.1	AED99429.1	73	98.99328859060402	-	3873	4775	445	6.7e-125	RiPP	prenylagaramide B	prenylagaramide C		AP009552	Microcystis aeruginosa NIES-843	GCA_000010625.1_ASM1062v1_genomic.json
input|c2|37709-38279|+|MAE_00540|hypothetical	BGC0000479_c1	conserved_hypothetical_protein	AED99428.1	AED99428.1	89	100	-	3295	3873	346	3.5e-95	RiPP	prenylagaramide B	prenylagaramide C		AP009552	Microcystis aeruginosa NIES-843	GCA_000010625.1_ASM1062v1_genomic.json
input|c2|46417-47488|+|MAE_00640|putative	BGC0000477_c1	TruA	ACA04487.1	ACA04487.1	71	82.86516853932584	+	1	2016	441	1.5e-123	RiPP	patellin 2	patellin 3		AP009552	Microcystis aeruginosa NIES-843	GCA_000010625.1_ASM1062v1_genomic.json
input|c4|1876105-1876348|-|MAE_21020|hypothetical	BGC0001656_c1	transposase	AKQ22677.1	AKQ22677.1	80	80	+	55629	56066	114	9.5e-26	Polyketide	luminaolide			AP009552	Microcystis aeruginosa NIES-843	GCA_000010625.1_ASM1062v1_genomic.json
input|c5|2173289-2175353|+|MAE_24070|ABC-transporter	BGC0000592_c1	ABC_transporter	CAQ16120.1	CAQ16120.1	98	100	-	7147	9210	1302	0	RiPP	microviridin B			AP009552	Microcystis aeruginosa NIES-843	GCA_000010625.1_ASM1062v1_genomic.json
input|c5|2175499-2176033|+|MAE_24080|acetyltransferase	BGC0000592_c1	acetyltransferase	CAQ16119.1	CAQ16119.1	98	100	-	6460	6993	344	7.4e-95	RiPP	microviridin B			AP009552	Microcystis aeruginosa NIES-843	GCA_000010625.1_ASM1062v1_genomic.json
input|c5|2176296-2177271|-|MAE_24090|hypothetical	BGC0000592_c1	ATP_grasp_ligase	CAQ16118.1	CAQ16118.1	99	100	+	5283	6257	651	8.8e-187	RiPP	microviridin B			AP009552	Microcystis aeruginosa NIES-843	GCA_000010625.1_ASM1062v1_genomic.json
input|c5|2177324-2178305|-|MAE_24100|hypothetical	BGC0000592_c1	ATP_grasp_ligase	CAQ16117.1	CAQ16117.1	99	99.38650306748467	+	3850	4827	648	7.5e-186	RiPP	microviridin B			AP009552	Microcystis aeruginosa NIES-843	GCA_000010625.1_ASM1062v1_genomic.json
input|c5|2178583-2178736|-|MAE_24110|unknown	BGC0000592_c1	microviridin_precursor	CAQ16116.1	CAQ16116.1	92	100	+	3422	3574	101	5.2e-22	RiPP	microviridin B			AP009552	Microcystis aeruginosa NIES-843	GCA_000010625.1_ASM1062v1_genomic.json
input|c5|2176296-2177271|-|MAE_24090|hypothetical	BGC0000593_c1	ATP_grasp_ligase	CAQ16123.1	CAQ16123.1	99	100	+	1704	2678	647	1.3e-185	RiPP	microviridin J			AP009552	Microcystis aeruginosa NIES-843	GCA_000010625.1_ASM1062v1_genomic.json
input|c5|2177324-2178305|-|MAE_24100|hypothetical	BGC0000593_c1	ATP_grasp_ligase	CAQ16122.1	CAQ16122.1	98	100	+	668	1648	646	1.7e-185	RiPP	microviridin J			AP009552	Microcystis aeruginosa NIES-843	GCA_000010625.1_ASM1062v1_genomic.json
input|c5|2178583-2178736|-|MAE_24110|unknown	BGC0000593_c1	microviridin_precursor	CAQ16121.1	CAQ16121.1	82	100	+	242	391	83	1.1e-16	RiPP	microviridin J			AP009552	Microcystis aeruginosa NIES-843	GCA_000010625.1_ASM1062v1_genomic.json
input|c5|2173289-2175353|+|MAE_24070|ABC-transporter	BGC0000594_c1	MvdA	ACC54547.1	ACC54547.1	73	86.60844250363901	+	842	2635	875	6.1e-254	RiPP	microviridin K			AP009552	Microcystis aeruginosa NIES-843	GCA_000010625.1_ASM1062v1_genomic.json
input|c5|2176296-2177271|-|MAE_24090|hypothetical	BGC0000594_c1	MvdD	ACC54550.1	ACC54550.1	80	99.38271604938271	+	4347	5339	535	4.1e-152	RiPP	microviridin K			AP009552	Microcystis aeruginosa NIES-843	GCA_000010625.1_ASM1062v1_genomic.json
input|c8|3480965-3482492|+|MAE_38500|hypothetical	BGC0001017_c1	Uma3	AAF00966.1	AAF00966.1	97	100	-	58446	59972	987	1.1e-287	NRP	microcystin LR			AP009552	Microcystis aeruginosa NIES-843	GCA_000010625.1_ASM1062v1_genomic.json
input|c8|3482538-3483102|+|MAE_38510|hypothetical	BGC0001017_c1	Uma2	AAF00965.1	AAF00965.1	90	100	-	57836	58399	347	1.6e-95	NRP	microcystin LR			AP009552	Microcystis aeruginosa NIES-843	GCA_000010625.1_ASM1062v1_genomic.json
input|c8|3483265-3483829|+|MAE_38520|hypothetical	BGC0001017_c1	Uma2	AAF00965.1	AAF00965.1	94	100	-	57836	58399	357	1.2e-98	NRP	microcystin LR			AP009552	Microcystis aeruginosa NIES-843	GCA_000010625.1_ASM1062v1_genomic.json
input|c8|3484072-3486124|+|MAE_38540|hypothetical	BGC0001017_c1	Uma1	AAF00964.1	AAF00964.1	98	100	-	55541	57592	1395	0	NRP	microcystin LR			AP009552	Microcystis aeruginosa NIES-843	GCA_000010625.1_ASM1062v1_genomic.json
input|c8|3486435-3490311|-|MAE_38550|McyC	BGC0001017_c1	McyC	AAF00962.1	AAF00962.1	96	100	+	51573	55448	2485	0	NRP	microcystin LR			AP009552	Microcystis aeruginosa NIES-843	GCA_000010625.1_ASM1062v1_genomic.json
input|c8|3490307-3496688|-|MAE_38560|McyB	BGC0001017_c1	McyB	AAF00961.1	AAF00961.1	91	100.28222013170274	+	45196	51576	3834	0	NRP	microcystin LR			AP009552	Microcystis aeruginosa NIES-843	GCA_000010625.1_ASM1062v1_genomic.json
input|c8|3496703-3505067|-|MAE_38570|McyA	BGC0001017_c1	McyA	AAF00960.1	AAF00960.1	97	100.28704700394691	+	36793	45180	5371	0	NRP	microcystin LR			AP009552	Microcystis aeruginosa NIES-843	GCA_000010625.1_ASM1062v1_genomic.json
input|c8|3505973-3517679|+|MAE_38600|McyD	BGC0001017_c1	McyD	AAF00959.1	AAF00959.1	96	100.12817226352217	-	24340	36060	7518	0	NRP	microcystin LR			AP009552	Microcystis aeruginosa NIES-843	GCA_000010625.1_ASM1062v1_genomic.json
input|c8|3517845-3528309|+|MAE_38610|McyE	BGC0001017_c1	McyE	AAF00958.1	AAF00958.1	97	100	-	13710	24173	6684	0	NRP	microcystin LR			AP009552	Microcystis aeruginosa NIES-843	GCA_000010625.1_ASM1062v1_genomic.json
input|c8|3528340-3529096|+|MAE_38620|McyF	BGC0001017_c1	McyF	AAF00963.1	AAF00963.1	98	100	-	12923	13678	492	5.3e-139	NRP	microcystin LR			AP009552	Microcystis aeruginosa NIES-843	GCA_000010625.1_ASM1062v1_genomic.json
input|c8|3529227-3537123|+|MAE_38630|McyG	BGC0001017_c1	McyG	AAF00957.1	AAF00957.1	96	100	-	4896	12791	5037	0	NRP	microcystin LR			AP009552	Microcystis aeruginosa NIES-843	GCA_000010625.1_ASM1062v1_genomic.json
input|c8|3537205-3538963|+|MAE_38640|McyH	BGC0001017_c1	McyH	AAF00956.1	AAF00956.1	97	91.96581196581197	-	3056	4672	1002	2.8e-292	NRP	microcystin LR			AP009552	Microcystis aeruginosa NIES-843	GCA_000010625.1_ASM1062v1_genomic.json
input|c8|3539001-3540015|+|MAE_38650|McyI	BGC0001017_c1	McyI	AAF00955.1	AAF00955.1	96	100	-	2004	3017	630	1.7e-180	NRP	microcystin LR			AP009552	Microcystis aeruginosa NIES-843	GCA_000010625.1_ASM1062v1_genomic.json
input|c8|3540181-3541027|+|MAE_38660|McyJ	BGC0001017_c1	McyJ	AAF00954.1	AAF00954.1	98	98.93238434163702	-	992	1828	570	1.3e-162	NRP	microcystin LR			AP009552	Microcystis aeruginosa NIES-843	GCA_000010625.1_ASM1062v1_genomic.json
input|c8|3486435-3490311|-|MAE_38550|McyC	BGC0001667_c1	peptide_synthetase	AQH32486.1	AQH32486.1	75	99.22540666150272	+	50165	54016	1963	0	NRP	microcystin-LR	microcystin-FR	microcystin-LA	AP009552	Microcystis aeruginosa NIES-843	GCA_000010625.1_ASM1062v1_genomic.json
input|c8|3490307-3496688|-|MAE_38560|McyB	BGC0001667_c1	peptide_synthetase	AQH32485.1	AQH32485.1	71	100.47036688617122	+	43752	50162	3082	0	NRP	microcystin-LR	microcystin-FR	microcystin-LA	AP009552	Microcystis aeruginosa NIES-843	GCA_000010625.1_ASM1062v1_genomic.json
input|c8|3517845-3528309|+|MAE_38610|McyE	BGC0001667_c1	hybrid_polyketide_synthase/peptide_synthetase	AQH32481.1	AQH32481.1	74	101.46257527960998	-	3685	14220	5199	0	NRP	microcystin-LR	microcystin-FR	microcystin-LA	AP009552	Microcystis aeruginosa NIES-843	GCA_000010625.1_ASM1062v1_genomic.json
input|c8|3528340-3529096|+|MAE_38620|McyF	BGC0001667_c1	amino_acid_racemase	AQH32480.1	AQH32480.1	77	91.63346613545816	-	2849	3637	359	5.3e-99	NRP	microcystin-LR	microcystin-FR	microcystin-LA	AP009552	Microcystis aeruginosa NIES-843	GCA_000010625.1_ASM1062v1_genomic.json
input|c8|3529227-3537123|+|MAE_38630|McyG	BGC0001667_c1	hybrid_peptide_synthetase/polyketide_synthase	AQH32483.1	AQH32483.1	72	100.1140250855188	-	26148	34067	3819	0	NRP	microcystin-LR	microcystin-FR	microcystin-LA	AP009552	Microcystis aeruginosa NIES-843	GCA_000010625.1_ASM1062v1_genomic.json
input|c8|3537205-3538963|+|MAE_38640|McyH	BGC0001667_c1	ABC_transporter	AQH32478.1	AQH32478.1	73	100.68376068376068	-	1	1773	862	2.7e-250	NRP	microcystin-LR	microcystin-FR	microcystin-LA	AP009552	Microcystis aeruginosa NIES-843	GCA_000010625.1_ASM1062v1_genomic.json
input|c8|3539001-3540015|+|MAE_38650|McyI	BGC0001667_c1	phosphoglycerate_dehydrogenase	AQH32479.1	AQH32479.1	72	100	-	1795	2823	482	5.6e-136	NRP	microcystin-LR	microcystin-FR	microcystin-LA	AP009552	Microcystis aeruginosa NIES-843	GCA_000010625.1_ASM1062v1_genomic.json
input|c8|3540181-3541027|+|MAE_38660|McyJ	BGC0001667_c1	O-methyl_transferase	AQH32487.1	AQH32487.1	82	98.57651245551602	+	54075	55016	507	1.4e-143	NRP	microcystin-LR	microcystin-FR	microcystin-LA	AP009552	Microcystis aeruginosa NIES-843	GCA_000010625.1_ASM1062v1_genomic.json
input|c8|3486435-3490311|-|MAE_38550|McyC	BGC0001016_c1	peptide_sythetase	AAO62588.1	AAO62588.1	74	99.22540666150272	+	52304	56158	1937	0	NRP	microcystin			AP009552	Microcystis aeruginosa NIES-843	GCA_000010625.1_ASM1062v1_genomic.json
input|c8|3490307-3496688|-|MAE_38560|McyB	BGC0001016_c1	peptide_sythetase	AAO62587.1	AAO62587.1	72	100.14111006585136	+	45906	52307	3104	0	NRP	microcystin			AP009552	Microcystis aeruginosa NIES-843	GCA_000010625.1_ASM1062v1_genomic.json
input|c8|3517845-3528309|+|MAE_38610|McyE	BGC0001016_c1	polyketide_synthase_peptide_sythetase_fusion_protein	AAO62582.1	AAO62582.1	75	100.3154574132492	-	5238	15686	5225	0	NRP	microcystin			AP009552	Microcystis aeruginosa NIES-843	GCA_000010625.1_ASM1062v1_genomic.json
input|c8|3529227-3537123|+|MAE_38630|McyG	BGC0001016_c1	peptide_sythetase_polyketide_synthase_fusion_protein	AAO62585.1	AAO62585.1	71	100.1140250855188	-	28417	36324	3793	0	NRP	microcystin			AP009552	Microcystis aeruginosa NIES-843	GCA_000010625.1_ASM1062v1_genomic.json
input|c8|3537205-3538963|+|MAE_38640|McyH	BGC0001016_c1	ABC_transporter_ATP-binding-like_protein	AAO62579.1	AAO62579.1	71	97.26495726495726	-	1301	3079	807	1.7e-233	NRP	microcystin			AP009552	Microcystis aeruginosa NIES-843	GCA_000010625.1_ASM1062v1_genomic.json
input|c8|3539001-3540015|+|MAE_38650|McyI	BGC0001016_c1	phosphoglycerate_dehydrogenase-like_protein	AAO62580.1	AAO62580.1	74	97.92284866468842	-	3374	4387	481	1.3e-135	NRP	microcystin			AP009552	Microcystis aeruginosa NIES-843	GCA_000010625.1_ASM1062v1_genomic.json
input|c8|3540181-3541027|+|MAE_38660|McyJ	BGC0001016_c1	putative_O-methyl_transferase	AAO62583.1	AAO62583.1	83	98.22064056939502	-	15723	16655	491	7.7e-139	NRP	microcystin			AP009552	Microcystis aeruginosa NIES-843	GCA_000010625.1_ASM1062v1_genomic.json
input|c8|3486435-3490311|-|MAE_38550|McyC	BGC0001015_c1	microcystin_synthetase	CAD29799.1	CAD29799.1	77	99.92254066615027	+	48704	52600	2017	0	NRP	microcystin			AP009552	Microcystis aeruginosa NIES-843	GCA_000010625.1_ASM1062v1_genomic.json
input|c8|3505973-3517679|+|MAE_38600|McyD	BGC0001015_c1	polyketide_synthase_type_I	CAD29793.1	CAD29793.1	74	100.4357856959754	+	1400	13120	5824	0	NRP	microcystin			AP009552	Microcystis aeruginosa NIES-843	GCA_000010625.1_ASM1062v1_genomic.json
input|c8|3517845-3528309|+|MAE_38610|McyE	BGC0001015_c1	peptide_synthetase	CAD29794.1	CAD29794.1	81	100.17206767995413	+	13178	23644	5627	0	NRP	microcystin			AP009552	Microcystis aeruginosa NIES-843	GCA_000010625.1_ASM1062v1_genomic.json
input|c8|3529227-3537123|+|MAE_38630|McyG	BGC0001015_c1	peptide_synthetase	CAD29795.1	CAD29795.1	76	100.45610034207526	+	23901	31823	4005	0	NRP	microcystin			AP009552	Microcystis aeruginosa NIES-843	GCA_000010625.1_ASM1062v1_genomic.json
input|c8|3537205-3538963|+|MAE_38640|McyH	BGC0001015_c1	ABC_transporter	CAD29796.1	CAD29796.1	80	99.65811965811966	+	31924	33678	916	1.5e-266	NRP	microcystin			AP009552	Microcystis aeruginosa NIES-843	GCA_000010625.1_ASM1062v1_genomic.json
input|c8|3540181-3541027|+|MAE_38660|McyJ	BGC0001015_c1	O-methyltransferase	CAD29800.2	CAD29800.2	87	97.86476868327402	+	52795	53625	520	2e-147	NRP	microcystin			AP009552	Microcystis aeruginosa NIES-843	GCA_000010625.1_ASM1062v1_genomic.json
input|c8|3486435-3490311|-|MAE_38550|McyC	BGC0001705_c1	NdaB	ATP76244.1	ATP76244.1	74	99.22540666150272	+	44386	48240	1948	0	NRP	nodularin			AP009552	Microcystis aeruginosa NIES-843	GCA_000010625.1_ASM1062v1_genomic.json
input|c8|3517845-3528309|+|MAE_38610|McyE	BGC0001705_c1	NdaF	ATP76239.1	ATP76239.1	76	100.3154574132492	-	4083	14534	5286	0	NRP	nodularin			AP009552	Microcystis aeruginosa NIES-843	GCA_000010625.1_ASM1062v1_genomic.json
input|c8|3529227-3537123|+|MAE_38630|McyG	BGC0001705_c1	NdaC	ATP76242.1	ATP76242.1	71	100.53211706575446	-	27314	35272	3796	0	NRP	nodularin			AP009552	Microcystis aeruginosa NIES-843	GCA_000010625.1_ASM1062v1_genomic.json
input|c8|3537205-3538963|+|MAE_38640|McyH	BGC0001705_c1	NdaI	ATP76236.1	ATP76236.1	74	97.26495726495726	-	1	1821	844	9.8e-245	NRP	nodularin			AP009552	Microcystis aeruginosa NIES-843	GCA_000010625.1_ASM1062v1_genomic.json
input|c8|3539001-3540015|+|MAE_38650|McyI	BGC0001705_c1	NdaH	ATP76237.1	ATP76237.1	73	99.40652818991099	-	2222	3232	488	7.8e-138	NRP	nodularin			AP009552	Microcystis aeruginosa NIES-843	GCA_000010625.1_ASM1062v1_genomic.json
input|c8|3540181-3541027|+|MAE_38660|McyJ	BGC0001705_c1	NdaE	ATP76240.1	ATP76240.1	82	98.22064056939502	-	14571	15500	493	2.7e-139	NRP	nodularin			AP009552	Microcystis aeruginosa NIES-843	GCA_000010625.1_ASM1062v1_genomic.json
input|c8|3486435-3490311|-|MAE_38550|McyC	BGC0000396_c1	NdaB	AEO14744.1	AEO14744.1	75	99.22540666150272	+	9320	13162	1956	0	NRP	nodularin			AP009552	Microcystis aeruginosa NIES-843	GCA_000010625.1_ASM1062v1_genomic.json
input|c10|5194434-5196429|-|MAE_56480|ABC-transporter	BGC0000298_c1	AerN	ACM68694.1	ACM68694.1	94	100	+	23096	25090	1213	0	NRP	aeruginosin 98-A	aeruginosin 98-B	aeruginosin 98-C	AP009552	Microcystis aeruginosa NIES-843	GCA_000010625.1_ASM1062v1_genomic.json
input|c10|5201875-5202652|-|MAE_56510|3-oxoacyl-[acyl-carrier-protein]	BGC0000298_c1	putative_oxidoreductase	ACM68692.1	ACM68692.1	97	100	+	20865	21641	478	8.1e-135	NRP	aeruginosin 98-A	aeruginosin 98-B	aeruginosin 98-C	AP009552	Microcystis aeruginosa NIES-843	GCA_000010625.1_ASM1062v1_genomic.json
input|c10|5202707-5205986|-|MAE_56520|non-ribosomal	BGC0000298_c1	AerG1	ACM68690.1	ACM68690.1	98	100	+	15751	19029	2122	0	NRP	aeruginosin 98-A	aeruginosin 98-B	aeruginosin 98-C	AP009552	Microcystis aeruginosa NIES-843	GCA_000010625.1_ASM1062v1_genomic.json
input|c10|5207053-5207854|-|MAE_56540|3-oxoacyl-[acyl-carrier-protein]	BGC0000298_c1	AerF	ACM68688.1	ACM68688.1	99	100	+	13876	14676	517	1.2e-146	NRP	aeruginosin 98-A	aeruginosin 98-B	aeruginosin 98-C	AP009552	Microcystis aeruginosa NIES-843	GCA_000010625.1_ASM1062v1_genomic.json
input|c10|5207902-5208250|-|MAE_56550|hypothetical	BGC0000298_c1	AerE	ACM68687.1	ACM68687.1	97	100	+	13201	13827	226	1.9e-59	NRP	aeruginosin 98-A	aeruginosin 98-B	aeruginosin 98-C	AP009552	Microcystis aeruginosa NIES-843	GCA_000010625.1_ASM1062v1_genomic.json
input|c10|5208625-5209258|-|MAE_56560|bacilysin	BGC0000298_c1	AerD	ACM68686.1	ACM68686.1	99	100	+	12472	13104	422	4.3e-118	NRP	aeruginosin 98-A	aeruginosin 98-B	aeruginosin 98-C	AP009552	Microcystis aeruginosa NIES-843	GCA_000010625.1_ASM1062v1_genomic.json
input|c10|5209251-5210295|-|MAE_56570|isopentenyl-dephosphate	BGC0000298_c1	AerK	ACM68685.1	ACM68685.1	99	100	+	11435	12478	664	1.1e-190	NRP	aeruginosin 98-A	aeruginosin 98-B	aeruginosin 98-C	AP009552	Microcystis aeruginosa NIES-843	GCA_000010625.1_ASM1062v1_genomic.json
input|c10|5210334-5215095|-|MAE_56580|peptide	BGC0000298_c1	AerB	ACM68684.1	ACM68684.1	81	100.94577553593946	+	6611	11395	2537	0	NRP	aeruginosin 98-A	aeruginosin 98-B	aeruginosin 98-C	AP009552	Microcystis aeruginosa NIES-843	GCA_000010625.1_ASM1062v1_genomic.json
input|c10|5215458-5219745|-|MAE_56590|non-ribosomal	BGC0000298_c1	AerA	ACM68682.1	ACM68682.1	96	99.36974789915966	+	106	4365	2719	0	NRP	aeruginosin 98-A	aeruginosin 98-B	aeruginosin 98-C	AP009552	Microcystis aeruginosa NIES-843	GCA_000010625.1_ASM1062v1_genomic.json
input|c10|5208625-5209258|-|MAE_56560|bacilysin	BGC0000297_c1	hypothetical_protein	CAM59603.1	CAM59603.1	81	93.33333333333333	+	15167	15775	337	1.8e-92	NRP	aeruginoside 126B	aeruginoside 126A		AP009552	Microcystis aeruginosa NIES-843	GCA_000010625.1_ASM1062v1_genomic.json
input|c10|5215458-5219745|-|MAE_56590|non-ribosomal	BGC0000297_c1	non-ribosomal_peptide_synthetase/polyketide_synthase_hybrid_enzyme	CAM59601.1	CAM59601.1	77	99.78991596638656	+	2649	6899	2177	0	NRP	aeruginoside 126B	aeruginoside 126A		AP009552	Microcystis aeruginosa NIES-843	GCA_000010625.1_ASM1062v1_genomic.json
input|c11|5523820-5524555|-|MAE_59950|putative	BGC0001018_c1	putative_acyl-carrier_protein_reductase	BAH22768.1	BAH22768.1	96	100	+	30796	31530	436	2.6e-122	NRP	micropeptin K139			AP009552	Microcystis aeruginosa NIES-843	GCA_000010625.1_ASM1062v1_genomic.json
input|c11|5524594-5525383|-|MAE_59960|putative	BGC0001018_c1	putative_methyltransferase	BAH22767.1	BAH22767.1	98	100	+	29850	30638	532	2.8e-151	NRP	micropeptin K139			AP009552	Microcystis aeruginosa NIES-843	GCA_000010625.1_ASM1062v1_genomic.json
input|c11|5526213-5526693|-|MAE_59990|hypothetical	BGC0001018_c1	hypothetical_protein	BAH22766.1	BAH22766.1	78	100	+	28304	28837	203	1.8e-52	NRP	micropeptin K139			AP009552	Microcystis aeruginosa NIES-843	GCA_000010625.1_ASM1062v1_genomic.json
input|c11|5526970-5531227|-|MAE_60000|McnE	BGC0001018_c1	nonribosomal_peptide_synthetase	BAH22765.1	BAH22765.1	97	97.74330042313117	+	23920	28080	2669	0	NRP	micropeptin K139			AP009552	Microcystis aeruginosa NIES-843	GCA_000010625.1_ASM1062v1_genomic.json
input|c11|5526970-5531227|-|MAE_60000|McnE	BGC0001018_c1	nonribosomal_peptide_synthetase	BAH22764.1	BAH22764.1	72	74.82369534555711	+	9459	23657	1490	0	NRP	micropeptin K139			AP009552	Microcystis aeruginosa NIES-843	GCA_000010625.1_ASM1062v1_genomic.json
input|c11|5531393-5545568|-|MAE_60010|McnC	BGC0001018_c1	nonribosomal_peptide_synthetase	BAH22764.1	BAH22764.1	94	100.2116850127011	+	9459	23657	8728	0	NRP	micropeptin K139			AP009552	Microcystis aeruginosa NIES-843	GCA_000010625.1_ASM1062v1_genomic.json
input|c11|5545564-5548882|-|MAE_60020|McnB	BGC0001018_c1	nonribosomal_peptide_synthetase	BAH22763.1	BAH22763.1	98	100	+	6145	9462	2146	0	NRP	micropeptin K139			AP009552	Microcystis aeruginosa NIES-843	GCA_000010625.1_ASM1062v1_genomic.json
input|c11|5548884-5552181|-|MAE_60030|McnA	BGC0001018_c1	nonribosomal_peptide_synthetase	BAH22762.1	BAH22762.1	80	101.54826958105647	+	2804	6142	1749	0	NRP	micropeptin K139			AP009552	Microcystis aeruginosa NIES-843	GCA_000010625.1_ASM1062v1_genomic.json
input|c11|5554077-5556147|+|MAE_60060|ABC-transporter	BGC0001018_c1	putative_ABC_transporter	BAH22761.1	BAH22761.1	99	100	-	162	2231	1260	0	NRP	micropeptin K139			AP009552	Microcystis aeruginosa NIES-843	GCA_000010625.1_ASM1062v1_genomic.json
input|c11|5526970-5531227|-|MAE_60000|McnE	BGC0000332_c1	McnE	AAZ03554.1	AAZ03554.1	98	100	+	26602	30858	2745	0	NRP	cyanopeptolin			AP009552	Microcystis aeruginosa NIES-843	GCA_000010625.1_ASM1062v1_genomic.json
input|c11|5531393-5545568|-|MAE_60010|McnC	BGC0000332_c1	McnC	AAZ03552.1	AAZ03552.1	93	100.35986452159187	+	10566	24731	8602	0	NRP	cyanopeptolin			AP009552	Microcystis aeruginosa NIES-843	GCA_000010625.1_ASM1062v1_genomic.json
input|c11|5545564-5548882|-|MAE_60020|McnB	BGC0000332_c1	McnB	AAZ03551.1	AAZ03551.1	98	100	+	7252	10569	2139	0	NRP	cyanopeptolin			AP009552	Microcystis aeruginosa NIES-843	GCA_000010625.1_ASM1062v1_genomic.json
input|c11|5548884-5552181|-|MAE_60030|McnA	BGC0000332_c1	McnA	AAZ03550.1	AAZ03550.1	75	100.72859744990892	+	3953	7249	1616	0	NRP	cyanopeptolin			AP009552	Microcystis aeruginosa NIES-843	GCA_000010625.1_ASM1062v1_genomic.json
input|c11|5554077-5556147|+|MAE_60060|ABC-transporter	BGC0000332_c1	McnF	AAZ03549.1	AAZ03549.1	99	100	-	1316	3385	1259	0	NRP	cyanopeptolin			AP009552	Microcystis aeruginosa NIES-843	GCA_000010625.1_ASM1062v1_genomic.json
input|c11|5556208-5557378|+|MAE_60070|McnG	BGC0000332_c1	McnG	AAZ03548.1	AAZ03548.1	98	100	-	85	1254	770	9.1e-223	NRP	cyanopeptolin			AP009552	Microcystis aeruginosa NIES-843	GCA_000010625.1_ASM1062v1_genomic.json
input|c11|5526970-5531227|-|MAE_60000|McnE	BGC0000331_c1	OciC	ABI26079.1	ABI26079.1	85	99.92947813822285	+	26962	31215	2396	0	NRP	cyanopeptin			AP009552	Microcystis aeruginosa NIES-843	GCA_000010625.1_ASM1062v1_genomic.json
input|c11|5531393-5545568|-|MAE_60010|McnC	BGC0000331_c1	OciB	ABI26078.1	ABI26078.1	83	100.29635901778153	+	12779	26965	7810	0	NRP	cyanopeptin			AP009552	Microcystis aeruginosa NIES-843	GCA_000010625.1_ASM1062v1_genomic.json
input|c11|5554077-5556147|+|MAE_60060|ABC-transporter	BGC0000331_c1	ABC_transporter	ABI26076.1	ABI26076.1	81	100	-	1	2064	1072	3.2e-313	NRP	cyanopeptin			AP009552	Microcystis aeruginosa NIES-843	GCA_000010625.1_ASM1062v1_genomic.json
input|c11|5523820-5524555|-|MAE_59950|putative	BGC0000594_c1	short_chain_dehydrogenase	ACC54553.1	ACC54553.1	78	100	+	6075	6812	371	1e-102	RiPP	microviridin K			AP009552	Microcystis aeruginosa NIES-843	GCA_000010625.1_ASM1062v1_genomic.json
input|c11|5524594-5525383|-|MAE_59960|putative	BGC0000594_c1	putative_methyltransferase	ACC54546.1	ACC54546.1	74	99.61832061068702	+	1	798	409	4.7e-114	RiPP	microviridin K			AP009552	Microcystis aeruginosa NIES-843	GCA_000010625.1_ASM1062v1_genomic.json
input|c2|1249049-1251044|-|MYAER_1223|ABC	BGC0000298_c1	AerN	ACM68694.1	ACM68694.1	93	100	+	23096	25090	1204	0	NRP	aeruginosin 98-A	aeruginosin 98-B	aeruginosin 98-C	CP011304	Microcystis aeruginosa NIES-2549	GCA_000981785.2_ASM98178v2_genomic.json
input|c2|1251227-1251458|-|MYAER_1224|2,3,4,5-tetrahydropyridine-2,6-dicarboxylate	BGC0000298_c1	hypothetical_protein	ACM68693.1	ACM68693.1	71	100	+	22314	22922	103	1.6e-22	NRP	aeruginosin 98-A	aeruginosin 98-B	aeruginosin 98-C	CP011304	Microcystis aeruginosa NIES-2549	GCA_000981785.2_ASM98178v2_genomic.json
input|c2|1256454-1257231|-|MYAER_1227|3-oxoacyl-[acyl-carrier	BGC0000298_c1	putative_oxidoreductase	ACM68692.1	ACM68692.1	96	100	+	20865	21641	476	2.4e-134	NRP	aeruginosin 98-A	aeruginosin 98-B	aeruginosin 98-C	CP011304	Microcystis aeruginosa NIES-2549	GCA_000981785.2_ASM98178v2_genomic.json
input|c2|1257286-1260565|-|MYAER_1228|Non-ribosomal	BGC0000298_c1	AerG1	ACM68690.1	ACM68690.1	97	100	+	15751	19029	2099	0	NRP	aeruginosin 98-A	aeruginosin 98-B	aeruginosin 98-C	CP011304	Microcystis aeruginosa NIES-2549	GCA_000981785.2_ASM98178v2_genomic.json
input|c2|1261632-1262433|-|MYAER_1230|3-oxoacyl-[acyl-carrier	BGC0000298_c1	AerF	ACM68688.1	ACM68688.1	99	100	+	13876	14676	517	1.6e-146	NRP	aeruginosin 98-A	aeruginosin 98-B	aeruginosin 98-C	CP011304	Microcystis aeruginosa NIES-2549	GCA_000981785.2_ASM98178v2_genomic.json
input|c2|1262481-1263108|-|MYAER_1231|Bacilysin	BGC0000298_c1	AerE	ACM68687.1	ACM68687.1	96	100	+	13201	13827	404	9.2e-113	NRP	aeruginosin 98-A	aeruginosin 98-B	aeruginosin 98-C	CP011304	Microcystis aeruginosa NIES-2549	GCA_000981785.2_ASM98178v2_genomic.json
input|c2|1263204-1263837|-|MYAER_1232|Bacilysin	BGC0000298_c1	AerD	ACM68686.1	ACM68686.1	97	100	+	12472	13104	412	4.4e-115	NRP	aeruginosin 98-A	aeruginosin 98-B	aeruginosin 98-C	CP011304	Microcystis aeruginosa NIES-2549	GCA_000981785.2_ASM98178v2_genomic.json
input|c2|1263830-1264874|-|MYAER_1233|Isopentenyl-diphosphate	BGC0000298_c1	AerK	ACM68685.1	ACM68685.1	97	100	+	11435	12478	661	9.1e-190	NRP	aeruginosin 98-A	aeruginosin 98-B	aeruginosin 98-C	CP011304	Microcystis aeruginosa NIES-2549	GCA_000981785.2_ASM98178v2_genomic.json
input|c2|1264913-1269686|-|MYAER_1234|Siderophore	BGC0000298_c1	AerB	ACM68684.1	ACM68684.1	82	100.37735849056604	+	6611	11395	2591	0	NRP	aeruginosin 98-A	aeruginosin 98-B	aeruginosin 98-C	CP011304	Microcystis aeruginosa NIES-2549	GCA_000981785.2_ASM98178v2_genomic.json
input|c2|1269809-1271633|-|MYAER_1235|FAD-binding	BGC0000298_c1	AerJ	ACM68683.1	ACM68683.1	97	100	+	4610	6487	1224	0	NRP	aeruginosin 98-A	aeruginosin 98-B	aeruginosin 98-C	CP011304	Microcystis aeruginosa NIES-2549	GCA_000981785.2_ASM98178v2_genomic.json
input|c2|1271931-1276191|-|MYAER_1236|Malonyl	BGC0000298_c1	AerA	ACM68682.1	ACM68682.1	95	100	+	106	4365	2700	0	NRP	aeruginosin 98-A	aeruginosin 98-B	aeruginosin 98-C	CP011304	Microcystis aeruginosa NIES-2549	GCA_000981785.2_ASM98178v2_genomic.json
input|c2|1263204-1263837|-|MYAER_1232|Bacilysin	BGC0000297_c1	hypothetical_protein	CAM59603.1	CAM59603.1	81	93.33333333333333	+	15167	15775	335	5.3e-92	NRP	aeruginoside 126B	aeruginoside 126A		CP011304	Microcystis aeruginosa NIES-2549	GCA_000981785.2_ASM98178v2_genomic.json
input|c2|1264913-1269686|-|MYAER_1234|Siderophore	BGC0000297_c1	non-ribosomal_peptide_synthetase	CAJ21198.2	CAJ21198.2	77	100.50314465408805	+	7116	11912	2497	0	NRP	aeruginoside 126B	aeruginoside 126A		CP011304	Microcystis aeruginosa NIES-2549	GCA_000981785.2_ASM98178v2_genomic.json
input|c2|1271931-1276191|-|MYAER_1236|Malonyl	BGC0000297_c1	non-ribosomal_peptide_synthetase/polyketide_synthase_hybrid_enzyme	CAM59601.1	CAM59601.1	76	100.28188865398168	+	2649	6899	2161	0	NRP	aeruginoside 126B	aeruginoside 126A		CP011304	Microcystis aeruginosa NIES-2549	GCA_000981785.2_ASM98178v2_genomic.json
input|c2|1269809-1271633|-|MYAER_1235|FAD-binding	BGC0000332_c1	McnD	AAZ03553.1	AAZ03553.1	74	99.835255354201	+	24728	26605	959	2.8e-279	NRP	cyanopeptolin			CP011304	Microcystis aeruginosa NIES-2549	GCA_000981785.2_ASM98178v2_genomic.json
input|c4|2963056-2963191|-|MYAER_2993|ABC	BGC0001018_c1	putative_ABC_transporter	BAH22761.1	BAH22761.1	96	100	-	162	2231	87	6.9e-18	NRP	micropeptin K139			CP011304	Microcystis aeruginosa NIES-2549	GCA_000981785.2_ASM98178v2_genomic.json
input|c4|2963223-2965125|-|MYAER_2994|ABC	BGC0001018_c1	putative_ABC_transporter	BAH22761.1	BAH22761.1	99	98.89415481832543	-	162	2231	1136	0	NRP	micropeptin K139			CP011304	Microcystis aeruginosa NIES-2549	GCA_000981785.2_ASM98178v2_genomic.json
input|c4|2972901-2987067|+|MYAER_2997|Malonyl	BGC0001018_c1	nonribosomal_peptide_synthetase	BAH22764.1	BAH22764.1	97	100.23300148273671	+	9459	23657	9009	0	NRP	micropeptin K139			CP011304	Microcystis aeruginosa NIES-2549	GCA_000981785.2_ASM98178v2_genomic.json
input|c4|2987232-2991450|+|MYAER_2998|Malonyl	BGC0001018_c1	nonribosomal_peptide_synthetase	BAH22765.1	BAH22765.1	96	98.71886120996442	+	23920	28080	2622	0	NRP	micropeptin K139			CP011304	Microcystis aeruginosa NIES-2549	GCA_000981785.2_ASM98178v2_genomic.json
input|c4|2991831-2992311|+|MYAER_2999|hypothetical	BGC0001018_c1	hypothetical_protein	BAH22766.1	BAH22766.1	76	100	+	28304	28837	195	6.5e-50	NRP	micropeptin K139			CP011304	Microcystis aeruginosa NIES-2549	GCA_000981785.2_ASM98178v2_genomic.json
input|c4|2993149-2993938|+|MYAER_3002|2-methyl-6-phytyl-1,4-benzoquinone	BGC0001018_c1	putative_methyltransferase	BAH22767.1	BAH22767.1	96	100	+	29850	30638	525	3.4e-149	NRP	micropeptin K139			CP011304	Microcystis aeruginosa NIES-2549	GCA_000981785.2_ASM98178v2_genomic.json
input|c4|2993976-2994711|+|MYAER_3003|3-oxoacyl-[acyl-carrier	BGC0001018_c1	putative_acyl-carrier_protein_reductase	BAH22768.1	BAH22768.1	96	100	+	30796	31530	440	2.3e-123	NRP	micropeptin K139			CP011304	Microcystis aeruginosa NIES-2549	GCA_000981785.2_ASM98178v2_genomic.json
input|c4|2963056-2963191|-|MYAER_2993|ABC	BGC0000331_c1	ABC_transporter	ABI26076.1	ABI26076.1	80	100	-	1	2064	74	6e-14	NRP	cyanopeptin			CP011304	Microcystis aeruginosa NIES-2549	GCA_000981785.2_ASM98178v2_genomic.json
input|c4|2963223-2965125|-|MYAER_2994|ABC	BGC0000331_c1	ABC_transporter	ABI26076.1	ABI26076.1	80	98.42022116903634	-	1	2064	972	4.4e-283	NRP	cyanopeptin			CP011304	Microcystis aeruginosa NIES-2549	GCA_000981785.2_ASM98178v2_genomic.json
input|c4|2972901-2987067|+|MYAER_2997|Malonyl	BGC0000331_c1	OciB	ABI26078.1	ABI26078.1	86	100.31772929464096	+	12779	26965	8086	0	NRP	cyanopeptin			CP011304	Microcystis aeruginosa NIES-2549	GCA_000981785.2_ASM98178v2_genomic.json
input|c4|2987232-2991450|+|MYAER_2998|Malonyl	BGC0000331_c1	OciC	ABI26079.1	ABI26079.1	86	99.85765124555161	+	26962	31215	2416	0	NRP	cyanopeptin			CP011304	Microcystis aeruginosa NIES-2549	GCA_000981785.2_ASM98178v2_genomic.json
input|c4|2961825-2962995|-|MYAER_2992|hypothetical	BGC0000332_c1	McnG	AAZ03548.1	AAZ03548.1	98	100	-	85	1254	777	9.8e-225	NRP	cyanopeptolin			CP011304	Microcystis aeruginosa NIES-2549	GCA_000981785.2_ASM98178v2_genomic.json
input|c4|2963056-2963191|-|MYAER_2993|ABC	BGC0000332_c1	McnF	AAZ03549.1	AAZ03549.1	96	100	-	1316	3385	87	6.9e-18	NRP	cyanopeptolin			CP011304	Microcystis aeruginosa NIES-2549	GCA_000981785.2_ASM98178v2_genomic.json
input|c4|2963223-2965125|-|MYAER_2994|ABC	BGC0000332_c1	McnF	AAZ03549.1	AAZ03549.1	99	98.89415481832543	-	1316	3385	1135	0	NRP	cyanopeptolin			CP011304	Microcystis aeruginosa NIES-2549	GCA_000981785.2_ASM98178v2_genomic.json
input|c4|2972901-2987067|+|MYAER_2997|Malonyl	BGC0000332_c1	McnC	AAZ03552.1	AAZ03552.1	89	100.63545858928194	+	10566	24731	8200	0	NRP	cyanopeptolin			CP011304	Microcystis aeruginosa NIES-2549	GCA_000981785.2_ASM98178v2_genomic.json
input|c4|2987232-2991450|+|MYAER_2998|Malonyl	BGC0000332_c1	McnE	AAZ03554.1	AAZ03554.1	96	100.99644128113879	+	26602	30858	2683	0	NRP	cyanopeptolin			CP011304	Microcystis aeruginosa NIES-2549	GCA_000981785.2_ASM98178v2_genomic.json
input|c4|2963056-2963191|-|MYAER_2993|ABC	BGC0001748_c1	SpuF	ATP76247.1	ATP76247.1	75	100	+	16702	18705	74	3.5e-14	NRP	pseudospumigin A	pseudospumigin B	pseudospumigin C	CP011304	Microcystis aeruginosa NIES-2549	GCA_000981785.2_ASM98178v2_genomic.json
input|c4|2993149-2993938|+|MYAER_3002|2-methyl-6-phytyl-1,4-benzoquinone	BGC0000594_c1	putative_methyltransferase	ACC54546.1	ACC54546.1	74	99.61832061068702	+	1	798	409	3.6e-114	RiPP	microviridin K			CP011304	Microcystis aeruginosa NIES-2549	GCA_000981785.2_ASM98178v2_genomic.json
input|c4|2993976-2994711|+|MYAER_3003|3-oxoacyl-[acyl-carrier	BGC0000594_c1	short_chain_dehydrogenase	ACC54553.1	ACC54553.1	79	100	+	6075	6812	374	1.6e-103	RiPP	microviridin K			CP011304	Microcystis aeruginosa NIES-2549	GCA_000981785.2_ASM98178v2_genomic.json
input|c1|1431074-1432289|+|BH695_1535|Uma4	BGC0001017_c1	Uma4	AAF00967.1	AAF00967.1	96	100	-	60057	61271	750	1.3e-216	NRP	microcystin LR			CP020771	Microcystis aeruginosa PCC 7806SL	GCA_002095975.1_ASM209597v1_genomic.json
input|c2|1491657-1493652|-|BH695_1599|hypothetical	BGC0000298_c1	AerN	ACM68694.1	ACM68694.1	95	100	+	23096	25090	1194	0	NRP	aeruginosin 98-A	aeruginosin 98-B	aeruginosin 98-C	CP020771	Microcystis aeruginosa PCC 7806SL	GCA_002095975.1_ASM209597v1_genomic.json
input|c2|1493824-1494433|-|BH695_1600|hypothetical	BGC0000298_c1	hypothetical_protein	ACM68693.1	ACM68693.1	93	100	+	22314	22922	311	1e-84	NRP	aeruginosin 98-A	aeruginosin 98-B	aeruginosin 98-C	CP020771	Microcystis aeruginosa PCC 7806SL	GCA_002095975.1_ASM209597v1_genomic.json
input|c2|1499059-1499836|-|BH695_1602|hypothetical	BGC0000298_c1	putative_oxidoreductase	ACM68692.1	ACM68692.1	99	100	+	20865	21641	482	3.3e-136	NRP	aeruginosin 98-A	aeruginosin 98-B	aeruginosin 98-C	CP020771	Microcystis aeruginosa PCC 7806SL	GCA_002095975.1_ASM209597v1_genomic.json
input|c2|1499891-1503170|-|BH695_1603|hypothetical	BGC0000298_c1	AerG1	ACM68690.1	ACM68690.1	96	100	+	15751	19029	2096	0	NRP	aeruginosin 98-A	aeruginosin 98-B	aeruginosin 98-C	CP020771	Microcystis aeruginosa PCC 7806SL	GCA_002095975.1_ASM209597v1_genomic.json
input|c2|1503874-1504675|-|BH695_1606|hypothetical	BGC0000298_c1	AerF	ACM68688.1	ACM68688.1	98	100	+	13876	14676	513	1.8e-145	NRP	aeruginosin 98-A	aeruginosin 98-B	aeruginosin 98-C	CP020771	Microcystis aeruginosa PCC 7806SL	GCA_002095975.1_ASM209597v1_genomic.json
input|c2|1504723-1505350|-|BH695_1607|hypothetical	BGC0000298_c1	AerE	ACM68687.1	ACM68687.1	90	100	+	13201	13827	389	4e-108	NRP	aeruginosin 98-A	aeruginosin 98-B	aeruginosin 98-C	CP020771	Microcystis aeruginosa PCC 7806SL	GCA_002095975.1_ASM209597v1_genomic.json
input|c2|1505446-1506064|-|BH695_1608|hypothetical	BGC0000298_c1	AerD	ACM68686.1	ACM68686.1	94	100	+	12472	13104	391	6.1e-109	NRP	aeruginosin 98-A	aeruginosin 98-B	aeruginosin 98-C	CP020771	Microcystis aeruginosa PCC 7806SL	GCA_002095975.1_ASM209597v1_genomic.json
input|c2|1506072-1507116|-|BH695_1609|hypothetical	BGC0000298_c1	AerK	ACM68685.1	ACM68685.1	97	100	+	11435	12478	659	2e-189	NRP	aeruginosin 98-A	aeruginosin 98-B	aeruginosin 98-C	CP020771	Microcystis aeruginosa PCC 7806SL	GCA_002095975.1_ASM209597v1_genomic.json
input|c2|1507155-1511916|-|BH695_1610|hypothetical	BGC0000298_c1	AerB	ACM68684.1	ACM68684.1	81	100.94577553593946	+	6611	11395	2557	0	NRP	aeruginosin 98-A	aeruginosin 98-B	aeruginosin 98-C	CP020771	Microcystis aeruginosa PCC 7806SL	GCA_002095975.1_ASM209597v1_genomic.json
input|c2|1512039-1513863|-|BH695_1611|AerJ	BGC0000298_c1	AerJ	ACM68683.1	ACM68683.1	97	100	+	4610	6487	1215	0	NRP	aeruginosin 98-A	aeruginosin 98-B	aeruginosin 98-C	CP020771	Microcystis aeruginosa PCC 7806SL	GCA_002095975.1_ASM209597v1_genomic.json
input|c2|1514153-1518440|-|BH695_1612|hypothetical	BGC0000298_c1	AerA	ACM68682.1	ACM68682.1	96	99.36974789915966	+	106	4365	2719	0	NRP	aeruginosin 98-A	aeruginosin 98-B	aeruginosin 98-C	CP020771	Microcystis aeruginosa PCC 7806SL	GCA_002095975.1_ASM209597v1_genomic.json
input|c2|1505446-1506064|-|BH695_1608|hypothetical	BGC0000297_c1	hypothetical_protein	CAM59603.1	CAM59603.1	80	93.17073170731707	+	15167	15775	320	2.2e-87	NRP	aeruginoside 126B	aeruginoside 126A		CP020771	Microcystis aeruginosa PCC 7806SL	GCA_002095975.1_ASM209597v1_genomic.json
input|c2|1507155-1511916|-|BH695_1610|hypothetical	BGC0000297_c1	non-ribosomal_peptide_synthetase	CAJ21198.2	CAJ21198.2	71	101.0718789407314	+	7116	11912	2234	0	NRP	aeruginoside 126B	aeruginoside 126A		CP020771	Microcystis aeruginosa PCC 7806SL	GCA_002095975.1_ASM209597v1_genomic.json
input|c2|1514153-1518440|-|BH695_1612|hypothetical	BGC0000297_c1	non-ribosomal_peptide_synthetase/polyketide_synthase_hybrid_enzyme	CAM59601.1	CAM59601.1	77	99.78991596638656	+	2649	6899	2176	0	NRP	aeruginoside 126B	aeruginoside 126A		CP020771	Microcystis aeruginosa PCC 7806SL	GCA_002095975.1_ASM209597v1_genomic.json
input|c2|1512039-1513863|-|BH695_1611|AerJ	BGC0000332_c1	McnD	AAZ03553.1	AAZ03553.1	75	99.835255354201	+	24728	26605	973	1.4e-283	NRP	cyanopeptolin			CP020771	Microcystis aeruginosa PCC 7806SL	GCA_002095975.1_ASM209597v1_genomic.json
input|c4|2592117-2596059|-|BH695_2738|hypothetical	BGC0000474_c1	thiazoline_oxidase/subtilisin-like_protease	CAP64342.1	CAP64342.1	100	100	+	8567	12508	2481	0	RiPP	microcyclamide			CP020771	Microcystis aeruginosa PCC 7806SL	GCA_002095975.1_ASM209597v1_genomic.json
input|c4|2596998-2597802|-|BH695_2740|hypothetical	BGC0000474_c1	hypothetical_protein	CAP64340.1	CAP64340.1	100	100	+	6824	7627	543	1.6e-154	RiPP	microcyclamide			CP020771	Microcystis aeruginosa PCC 7806SL	GCA_002095975.1_ASM209597v1_genomic.json
input|c4|2597854-2598820|-|BH695_2741|hypothetical	BGC0000474_c1	putative_microcyclamide_biosynthesis_protein	CAP74572.1	CAP74572.1	100	100	+	5806	6771	635	4.9e-182	RiPP	microcyclamide			CP020771	Microcystis aeruginosa PCC 7806SL	GCA_002095975.1_ASM209597v1_genomic.json
input|c4|2599539-2601870|-|BH695_2743|hypothetical	BGC0000474_c1	adenylation/heterocyclization_protein	CAP64338.1	CAP64338.1	100	100	+	2756	5086	1583	0	RiPP	microcyclamide			CP020771	Microcystis aeruginosa PCC 7806SL	GCA_002095975.1_ASM209597v1_genomic.json
input|c4|2602221-2602473|-|BH695_2745|hypothetical	BGC0000474_c1	putative_microcyclamide_biosynthesis_protein	CAP64336.1	CAP64336.1	100	100	+	2153	2404	171	5.2e-43	RiPP	microcyclamide			CP020771	Microcystis aeruginosa PCC 7806SL	GCA_002095975.1_ASM209597v1_genomic.json
input|c4|2602578-2604552|-|BH695_2746|hypothetical	BGC0000474_c1	subtilisin-like_protein	CAP64335.1	CAP64335.1	100	100	+	74	2047	1310	0	RiPP	microcyclamide			CP020771	Microcystis aeruginosa PCC 7806SL	GCA_002095975.1_ASM209597v1_genomic.json
input|c4|2592117-2596059|-|BH695_2738|hypothetical	BGC0000473_c1	thiazoline_oxidase/subtilisin-like_protease	CAO82089.1	CAO82089.1	92	100.38080731150039	+	9166	13221	2304	0	RiPP	microcyclamide			CP020771	Microcystis aeruginosa PCC 7806SL	GCA_002095975.1_ASM209597v1_genomic.json
input|c4|2596998-2597802|-|BH695_2740|hypothetical	BGC0000473_c1	hypothetical_protein	CAO82087.1	CAO82087.1	96	100	+	7534	8337	523	2.3e-148	RiPP	microcyclamide			CP020771	Microcystis aeruginosa PCC 7806SL	GCA_002095975.1_ASM209597v1_genomic.json
input|c4|2597854-2598820|-|BH695_2741|hypothetical	BGC0000473_c1	hypothetical_protein	CAO82086.1	CAO82086.1	90	100	+	6516	7481	574	1.4e-163	RiPP	microcyclamide			CP020771	Microcystis aeruginosa PCC 7806SL	GCA_002095975.1_ASM209597v1_genomic.json
input|c4|2599539-2601870|-|BH695_2743|hypothetical	BGC0000473_c1	adenylation/heterocyclization_protein	CAO82084.1	CAO82084.1	98	100	+	3550	5880	1545	0	RiPP	microcyclamide			CP020771	Microcystis aeruginosa PCC 7806SL	GCA_002095975.1_ASM209597v1_genomic.json
input|c4|2602221-2602473|-|BH695_2745|hypothetical	BGC0000473_c1	hypothetical_protein	CAO82082.1	CAO82082.1	95	100	+	2944	3195	166	1.7e-41	RiPP	microcyclamide			CP020771	Microcystis aeruginosa PCC 7806SL	GCA_002095975.1_ASM209597v1_genomic.json
input|c4|2602578-2604552|-|BH695_2746|hypothetical	BGC0000473_c1	subtilisin-like_protein	CAO82081.1	CAO82081.1	94	100	+	868	2841	1253	0	RiPP	microcyclamide			CP020771	Microcystis aeruginosa PCC 7806SL	GCA_002095975.1_ASM209597v1_genomic.json
input|c4|2592117-2596059|-|BH695_2738|hypothetical	BGC0000483_c1	conserved_hypothetical_protein	MICCA_2630002	CCH92964.1	77	100.22848438690022	-	1303	5223	1932	0	RiPP	aeruginosamide B	aeruginosamide C		CP020771	Microcystis aeruginosa PCC 7806SL	GCA_002095975.1_ASM209597v1_genomic.json
input|c4|2599539-2601870|-|BH695_2743|hypothetical	BGC0000483_c1	conserved_hypothetical_protein	MICCA_2630005	CCH92967.1	84	100	-	8736	11063	1362	0	RiPP	aeruginosamide B	aeruginosamide C		CP020771	Microcystis aeruginosa PCC 7806SL	GCA_002095975.1_ASM209597v1_genomic.json
input|c4|2602221-2602473|-|BH695_2745|hypothetical	BGC0000483_c1	putative_microcyclamide_biosynthesis_protein	MICCA_2630006	CCH92968.1	98	100	-	11394	11645	168	4.4e-42	RiPP	aeruginosamide B	aeruginosamide C		CP020771	Microcystis aeruginosa PCC 7806SL	GCA_002095975.1_ASM209597v1_genomic.json
input|c4|2602578-2604552|-|BH695_2746|hypothetical	BGC0000483_c1	conserved_hypothetical_protein	MICCA_2630007	CCH92969.1	99	100	-	11751	13724	1296	0	RiPP	aeruginosamide B	aeruginosamide C		CP020771	Microcystis aeruginosa PCC 7806SL	GCA_002095975.1_ASM209597v1_genomic.json
input|c4|2599539-2601870|-|BH695_2743|hypothetical	BGC0000480_c1	TenD	ACA04483.1	ACA04483.1	79	100.12886597938144	+	3499	5832	1291	0	RiPP	tenuecyclamide A	tenuecyclamide C		CP020771	Microcystis aeruginosa PCC 7806SL	GCA_002095975.1_ASM209597v1_genomic.json
input|c4|2602221-2602473|-|BH695_2745|hypothetical	BGC0000480_c1	TenB	ACA04481.1	ACA04481.1	83	100	+	2088	2336	142	3.4e-34	RiPP	tenuecyclamide A	tenuecyclamide C		CP020771	Microcystis aeruginosa PCC 7806SL	GCA_002095975.1_ASM209597v1_genomic.json
input|c4|2602578-2604552|-|BH695_2746|hypothetical	BGC0000480_c1	TenA	ACA04480.1	ACA04480.1	81	101.06544901065449	+	1	1992	1071	7.4e-313	RiPP	tenuecyclamide A	tenuecyclamide C		CP020771	Microcystis aeruginosa PCC 7806SL	GCA_002095975.1_ASM209597v1_genomic.json
input|c4|2599539-2601870|-|BH695_2743|hypothetical	BGC0000471_c1	bacteriocin_biosynthesis_cyclodehydratase_domain_protein	Osc7112_3651	AFZ08005.1	77	100.12886597938144	+	3182	5512	1251	0	RiPP	viridisamide A			CP020771	Microcystis aeruginosa PCC 7806SL	GCA_002095975.1_ASM209597v1_genomic.json
input|c4|2602221-2602473|-|BH695_2745|hypothetical	BGC0000471_c1	hypothetical_protein	Osc7112_3649	AFZ08003.1	76	100	+	2098	2349	136	1.9e-32	RiPP	viridisamide A			CP020771	Microcystis aeruginosa PCC 7806SL	GCA_002095975.1_ASM209597v1_genomic.json
input|c4|2602578-2604552|-|BH695_2746|hypothetical	BGC0000471_c1	peptidase_S8_and_S53_subtilisin_kexin_sedolisin	Osc7112_3648	AFZ08002.1	84	101.36986301369863	+	1	2001	1134	0	RiPP	viridisamide A			CP020771	Microcystis aeruginosa PCC 7806SL	GCA_002095975.1_ASM209597v1_genomic.json
input|c4|2599539-2601870|-|BH695_2743|hypothetical	BGC0000475_c1	adenylation/heterocyclization_protein	AAY21153.1	AAY21153.1	78	101.15979381443299	+	3270	5624	1238	0	RiPP	patellamide A	patellamide C		CP020771	Microcystis aeruginosa PCC 7806SL	GCA_002095975.1_ASM209597v1_genomic.json
input|c4|2599539-2601870|-|BH695_2743|hypothetical	BGC0000477_c1	TruD	ACA04490.1	ACA04490.1	72	101.03092783505154	+	2952	5297	1152	0	RiPP	patellin 2	patellin 3		CP020771	Microcystis aeruginosa PCC 7806SL	GCA_002095975.1_ASM209597v1_genomic.json
input|c4|2602578-2604552|-|BH695_2746|hypothetical	BGC0000477_c1	TruA	ACA04487.1	ACA04487.1	72	102.28310502283105	+	1	2016	957	1.2e-278	RiPP	patellin 2	patellin 3		CP020771	Microcystis aeruginosa PCC 7806SL	GCA_002095975.1_ASM209597v1_genomic.json
input|c5|3025167-3026103|-|BH695_3235|McyJ	BGC0001017_c1	McyJ	AAF00954.1	AAF00954.1	100	89.38906752411575	-	992	1828	581	1.1e-165	NRP	microcystin LR			CP020771	Microcystis aeruginosa PCC 7806SL	GCA_002095975.1_ASM209597v1_genomic.json
input|c5|3026179-3027193|-|BH695_3236|McyI	BGC0001017_c1	McyI	AAF00955.1	AAF00955.1	100	100	-	2004	3017	657	1.3e-188	NRP	microcystin LR			CP020771	Microcystis aeruginosa PCC 7806SL	GCA_002095975.1_ASM209597v1_genomic.json
input|c5|3027231-3028989|-|BH695_3237|McyH	BGC0001017_c1	McyH	AAF00956.1	AAF00956.1	100	91.96581196581197	-	3056	4672	1029	2.1e-300	NRP	microcystin LR			CP020771	Microcystis aeruginosa PCC 7806SL	GCA_002095975.1_ASM209597v1_genomic.json
input|c5|3029071-3036967|-|BH695_3238|McyG	BGC0001017_c1	McyG	AAF00957.1	AAF00957.1	100	100	-	4896	12791	5210	0	NRP	microcystin LR			CP020771	Microcystis aeruginosa PCC 7806SL	GCA_002095975.1_ASM209597v1_genomic.json
input|c5|3037098-3037854|-|BH695_3239|McyF	BGC0001017_c1	McyF	AAF00963.1	AAF00963.1	100	100	-	12923	13678	503	1.8e-142	NRP	microcystin LR			CP020771	Microcystis aeruginosa PCC 7806SL	GCA_002095975.1_ASM209597v1_genomic.json
input|c5|3037885-3048349|-|BH695_3240|McyE	BGC0001017_c1	McyE	AAF00958.1	AAF00958.1	100	100	-	13710	24173	6816	0	NRP	microcystin LR			CP020771	Microcystis aeruginosa PCC 7806SL	GCA_002095975.1_ASM209597v1_genomic.json
input|c5|3048515-3060236|-|BH695_3241|McyD	BGC0001017_c1	McyD	AAF00959.1	AAF00959.1	100	100	-	24340	36060	7791	0	NRP	microcystin LR			CP020771	Microcystis aeruginosa PCC 7806SL	GCA_002095975.1_ASM209597v1_genomic.json
input|c5|3060968-3069356|+|BH695_3242|McyA	BGC0001017_c1	McyA	AAF00960.1	AAF00960.1	100	100	+	36793	45180	5573	0	NRP	microcystin LR			CP020771	Microcystis aeruginosa PCC 7806SL	GCA_002095975.1_ASM209597v1_genomic.json
input|c5|3069371-3075752|+|BH695_3243|McyB	BGC0001017_c1	McyB	AAF00961.1	AAF00961.1	100	100	+	45196	51576	4246	0	NRP	microcystin LR			CP020771	Microcystis aeruginosa PCC 7806SL	GCA_002095975.1_ASM209597v1_genomic.json
input|c5|3075748-3079624|+|BH695_3244|McyC	BGC0001017_c1	McyC	AAF00962.1	AAF00962.1	100	100	+	51573	55448	2579	0	NRP	microcystin LR			CP020771	Microcystis aeruginosa PCC 7806SL	GCA_002095975.1_ASM209597v1_genomic.json
input|c5|3079716-3081627|-|BH695_3245|Uma1	BGC0001017_c1	Uma1	AAF00964.1	AAF00964.1	100	100	-	55541	57592	1319	0	NRP	microcystin LR			CP020771	Microcystis aeruginosa PCC 7806SL	GCA_002095975.1_ASM209597v1_genomic.json
input|c5|3082010-3082574|-|BH695_3246|Uma2	BGC0001017_c1	Uma2	AAF00965.1	AAF00965.1	100	100	-	57836	58399	383	2e-106	NRP	microcystin LR			CP020771	Microcystis aeruginosa PCC 7806SL	GCA_002095975.1_ASM209597v1_genomic.json
input|c5|3082620-3084147|-|BH695_3247|Uma3	BGC0001017_c1	Uma3	AAF00966.1	AAF00966.1	100	100	-	58446	59972	1012	1.8e-295	NRP	microcystin LR			CP020771	Microcystis aeruginosa PCC 7806SL	GCA_002095975.1_ASM209597v1_genomic.json
input|c5|3084231-3085446|-|BH695_3248|Uma4	BGC0001017_c1	Uma4	AAF00967.1	AAF00967.1	100	100	-	60057	61271	774	1.1e-223	NRP	microcystin LR			CP020771	Microcystis aeruginosa PCC 7806SL	GCA_002095975.1_ASM209597v1_genomic.json
input|c5|3086353-3086788|-|BH695_3249|Uma5	BGC0001017_c1	Uma5	AAF00968.1	AAF00968.1	100	100	-	62180	62614	170	2.6e-42	NRP	microcystin LR			CP020771	Microcystis aeruginosa PCC 7806SL	GCA_002095975.1_ASM209597v1_genomic.json
input|c5|3025167-3026103|-|BH695_3235|McyJ	BGC0001667_c1	O-methyl_transferase	AQH32487.1	AQH32487.1	81	98.71382636655949	+	54075	55016	552	4.1e-157	NRP	microcystin-LR	microcystin-FR	microcystin-LA	CP020771	Microcystis aeruginosa PCC 7806SL	GCA_002095975.1_ASM209597v1_genomic.json
input|c5|3027231-3028989|-|BH695_3237|McyH	BGC0001667_c1	ABC_transporter	AQH32478.1	AQH32478.1	73	100.68376068376068	-	1	1773	864	1.2e-250	NRP	microcystin-LR	microcystin-FR	microcystin-LA	CP020771	Microcystis aeruginosa PCC 7806SL	GCA_002095975.1_ASM209597v1_genomic.json
input|c5|3029071-3036967|-|BH695_3238|McyG	BGC0001667_c1	hybrid_peptide_synthetase/polyketide_synthase	AQH32483.1	AQH32483.1	72	100.1140250855188	-	26148	34067	3809	0	NRP	microcystin-LR	microcystin-FR	microcystin-LA	CP020771	Microcystis aeruginosa PCC 7806SL	GCA_002095975.1_ASM209597v1_genomic.json
input|c5|3037098-3037854|-|BH695_3239|McyF	BGC0001667_c1	amino_acid_racemase	AQH32480.1	AQH32480.1	78	91.63346613545816	-	2849	3637	363	2.8e-100	NRP	microcystin-LR	microcystin-FR	microcystin-LA	CP020771	Microcystis aeruginosa PCC 7806SL	GCA_002095975.1_ASM209597v1_genomic.json
input|c5|3037885-3048349|-|BH695_3240|McyE	BGC0001667_c1	hybrid_polyketide_synthase/peptide_synthetase	AQH32481.1	AQH32481.1	73	101.491253226269	-	3685	14220	5131	0	NRP	microcystin-LR	microcystin-FR	microcystin-LA	CP020771	Microcystis aeruginosa PCC 7806SL	GCA_002095975.1_ASM209597v1_genomic.json
input|c5|3075748-3079624|+|BH695_3244|McyC	BGC0001667_c1	peptide_synthetase	AQH32486.1	AQH32486.1	75	99.22540666150272	+	50165	54016	1946	0	NRP	microcystin-LR	microcystin-FR	microcystin-LA	CP020771	Microcystis aeruginosa PCC 7806SL	GCA_002095975.1_ASM209597v1_genomic.json
input|c5|3025167-3026103|-|BH695_3235|McyJ	BGC0001016_c1	putative_O-methyl_transferase	AAO62583.1	AAO62583.1	81	99.03536977491962	-	15723	16655	535	5.2e-152	NRP	microcystin			CP020771	Microcystis aeruginosa PCC 7806SL	GCA_002095975.1_ASM209597v1_genomic.json
input|c5|3026179-3027193|-|BH695_3236|McyI	BGC0001016_c1	phosphoglycerate_dehydrogenase-like_protein	AAO62580.1	AAO62580.1	72	97.92284866468842	-	3374	4387	477	2.4e-134	NRP	microcystin			CP020771	Microcystis aeruginosa PCC 7806SL	GCA_002095975.1_ASM209597v1_genomic.json
input|c5|3027231-3028989|-|BH695_3237|McyH	BGC0001016_c1	ABC_transporter_ATP-binding-like_protein	AAO62579.1	AAO62579.1	71	97.09401709401709	-	1301	3079	813	1.8e-235	NRP	microcystin			CP020771	Microcystis aeruginosa PCC 7806SL	GCA_002095975.1_ASM209597v1_genomic.json
input|c5|3029071-3036967|-|BH695_3238|McyG	BGC0001016_c1	peptide_sythetase_polyketide_synthase_fusion_protein	AAO62585.1	AAO62585.1	71	100.1140250855188	-	28417	36324	3782	0	NRP	microcystin			CP020771	Microcystis aeruginosa PCC 7806SL	GCA_002095975.1_ASM209597v1_genomic.json
input|c5|3037885-3048349|-|BH695_3240|McyE	BGC0001016_c1	polyketide_synthase_peptide_sythetase_fusion_protein	AAO62582.1	AAO62582.1	74	100.3154574132492	-	5238	15686	5157	0	NRP	microcystin			CP020771	Microcystis aeruginosa PCC 7806SL	GCA_002095975.1_ASM209597v1_genomic.json
input|c5|3075748-3079624|+|BH695_3244|McyC	BGC0001016_c1	peptide_sythetase	AAO62588.1	AAO62588.1	74	99.22540666150272	+	52304	56158	1918	0	NRP	microcystin			CP020771	Microcystis aeruginosa PCC 7806SL	GCA_002095975.1_ASM209597v1_genomic.json
input|c5|3025167-3026103|-|BH695_3235|McyJ	BGC0001015_c1	O-methyltransferase	CAD29800.2	CAD29800.2	87	88.42443729903538	+	52795	53625	515	5.5e-146	NRP	microcystin			CP020771	Microcystis aeruginosa PCC 7806SL	GCA_002095975.1_ASM209597v1_genomic.json
input|c5|3027231-3028989|-|BH695_3237|McyH	BGC0001015_c1	ABC_transporter	CAD29796.1	CAD29796.1	80	99.65811965811966	+	31924	33678	918	5.3e-267	NRP	microcystin			CP020771	Microcystis aeruginosa PCC 7806SL	GCA_002095975.1_ASM209597v1_genomic.json
input|c5|3029071-3036967|-|BH695_3238|McyG	BGC0001015_c1	peptide_synthetase	CAD29795.1	CAD29795.1	76	100.45610034207526	+	23901	31823	4001	0	NRP	microcystin			CP020771	Microcystis aeruginosa PCC 7806SL	GCA_002095975.1_ASM209597v1_genomic.json
input|c5|3037885-3048349|-|BH695_3240|McyE	BGC0001015_c1	peptide_synthetase	CAD29794.1	CAD29794.1	80	100.17206767995413	+	13178	23644	5550	0	NRP	microcystin			CP020771	Microcystis aeruginosa PCC 7806SL	GCA_002095975.1_ASM209597v1_genomic.json
input|c5|3048515-3060236|-|BH695_3241|McyD	BGC0001015_c1	polyketide_synthase_type_I	CAD29793.1	CAD29793.1	74	100.30721966205837	+	1400	13120	5819	0	NRP	microcystin			CP020771	Microcystis aeruginosa PCC 7806SL	GCA_002095975.1_ASM209597v1_genomic.json
input|c5|3075748-3079624|+|BH695_3244|McyC	BGC0001015_c1	microcystin_synthetase	CAD29799.1	CAD29799.1	77	99.92254066615027	+	48704	52600	2005	0	NRP	microcystin			CP020771	Microcystis aeruginosa PCC 7806SL	GCA_002095975.1_ASM209597v1_genomic.json
input|c5|3025167-3026103|-|BH695_3235|McyJ	BGC0001705_c1	NdaE	ATP76240.1	ATP76240.1	80	99.03536977491962	-	14571	15500	538	8e-153	NRP	nodularin			CP020771	Microcystis aeruginosa PCC 7806SL	GCA_002095975.1_ASM209597v1_genomic.json
input|c5|3026179-3027193|-|BH695_3236|McyI	BGC0001705_c1	NdaH	ATP76237.1	ATP76237.1	72	99.40652818991099	-	2222	3232	485	8.7e-137	NRP	nodularin			CP020771	Microcystis aeruginosa PCC 7806SL	GCA_002095975.1_ASM209597v1_genomic.json
input|c5|3027231-3028989|-|BH695_3237|McyH	BGC0001705_c1	NdaI	ATP76236.1	ATP76236.1	74	97.09401709401709	-	1	1821	849	4e-246	NRP	nodularin			CP020771	Microcystis aeruginosa PCC 7806SL	GCA_002095975.1_ASM209597v1_genomic.json
input|c5|3029071-3036967|-|BH695_3238|McyG	BGC0001705_c1	NdaC	ATP76242.1	ATP76242.1	71	100.53211706575446	-	27314	35272	3792	0	NRP	nodularin			CP020771	Microcystis aeruginosa PCC 7806SL	GCA_002095975.1_ASM209597v1_genomic.json
input|c5|3037098-3037854|-|BH695_3239|McyF	BGC0001705_c1	NdaG	ATP76238.1	ATP76238.1	71	91.63346613545816	-	3244	4041	344	1.8e-94	NRP	nodularin			CP020771	Microcystis aeruginosa PCC 7806SL	GCA_002095975.1_ASM209597v1_genomic.json
input|c5|3037885-3048349|-|BH695_3240|McyE	BGC0001705_c1	NdaF	ATP76239.1	ATP76239.1	75	100.3154574132492	-	4083	14534	5218	0	NRP	nodularin			CP020771	Microcystis aeruginosa PCC 7806SL	GCA_002095975.1_ASM209597v1_genomic.json
input|c5|3075748-3079624|+|BH695_3244|McyC	BGC0001705_c1	NdaB	ATP76244.1	ATP76244.1	74	99.22540666150272	+	44386	48240	1928	0	NRP	nodularin			CP020771	Microcystis aeruginosa PCC 7806SL	GCA_002095975.1_ASM209597v1_genomic.json
input|c5|3075748-3079624|+|BH695_3244|McyC	BGC0000396_c1	NdaB	AEO14744.1	AEO14744.1	75	99.22540666150272	+	9320	13162	1936	0	NRP	nodularin			CP020771	Microcystis aeruginosa PCC 7806SL	GCA_002095975.1_ASM209597v1_genomic.json
input|c7|4369561-4370296|-|BH695_4618|hypothetical	BGC0001018_c1	putative_acyl-carrier_protein_reductase	BAH22768.1	BAH22768.1	98	100	+	30796	31530	444	9.4e-125	NRP	micropeptin K139			CP020771	Microcystis aeruginosa PCC 7806SL	GCA_002095975.1_ASM209597v1_genomic.json
input|c7|4370334-4371123|-|BH695_4619|hypothetical	BGC0001018_c1	putative_methyltransferase	BAH22767.1	BAH22767.1	97	100	+	29850	30638	530	1.4e-150	NRP	micropeptin K139			CP020771	Microcystis aeruginosa PCC 7806SL	GCA_002095975.1_ASM209597v1_genomic.json
input|c7|4372510-4372990|-|BH695_4622|hypothetical	BGC0001018_c1	hypothetical_protein	BAH22766.1	BAH22766.1	79	100	+	28304	28837	208	7.4e-54	NRP	micropeptin K139			CP020771	Microcystis aeruginosa PCC 7806SL	GCA_002095975.1_ASM209597v1_genomic.json
input|c7|4373267-4377524|-|BH695_4624|hypothetical	BGC0001018_c1	nonribosomal_peptide_synthetase	BAH22765.1	BAH22765.1	88	97.81382228490833	+	23920	28080	2406	0	NRP	micropeptin K139			CP020771	Microcystis aeruginosa PCC 7806SL	GCA_002095975.1_ASM209597v1_genomic.json
input|c7|4377689-4391831|-|BH695_4625|hypothetical	BGC0001018_c1	nonribosomal_peptide_synthetase	BAH22764.1	BAH22764.1	92	100.44557606619988	+	9459	23657	8535	0	NRP	micropeptin K139			CP020771	Microcystis aeruginosa PCC 7806SL	GCA_002095975.1_ASM209597v1_genomic.json
input|c7|4391827-4395145|-|BH695_4626|hypothetical	BGC0001018_c1	nonribosomal_peptide_synthetase	BAH22763.1	BAH22763.1	95	100	+	6145	9462	2069	0	NRP	micropeptin K139			CP020771	Microcystis aeruginosa PCC 7806SL	GCA_002095975.1_ASM209597v1_genomic.json
input|c7|4395159-4398486|-|BH695_4627|hypothetical	BGC0001018_c1	nonribosomal_peptide_synthetase	BAH22762.1	BAH22762.1	94	100	+	2804	6142	2085	0	NRP	micropeptin K139			CP020771	Microcystis aeruginosa PCC 7806SL	GCA_002095975.1_ASM209597v1_genomic.json
input|c7|4399059-4401129|+|BH695_4628|hypothetical	BGC0001018_c1	putative_ABC_transporter	BAH22761.1	BAH22761.1	97	100	-	162	2231	1246	0	NRP	micropeptin K139			CP020771	Microcystis aeruginosa PCC 7806SL	GCA_002095975.1_ASM209597v1_genomic.json
input|c7|4373267-4377524|-|BH695_4624|hypothetical	BGC0000332_c1	McnE	AAZ03554.1	AAZ03554.1	88	100.07052186177717	+	26602	30858	2475	0	NRP	cyanopeptolin			CP020771	Microcystis aeruginosa PCC 7806SL	GCA_002095975.1_ASM209597v1_genomic.json
input|c7|4377689-4391831|-|BH695_4625|hypothetical	BGC0000332_c1	McnC	AAZ03552.1	AAZ03552.1	91	100.40314025037131	+	10566	24731	8413	0	NRP	cyanopeptolin			CP020771	Microcystis aeruginosa PCC 7806SL	GCA_002095975.1_ASM209597v1_genomic.json
input|c7|4391827-4395145|-|BH695_4626|hypothetical	BGC0000332_c1	McnB	AAZ03551.1	AAZ03551.1	94	100	+	7252	10569	2050	0	NRP	cyanopeptolin			CP020771	Microcystis aeruginosa PCC 7806SL	GCA_002095975.1_ASM209597v1_genomic.json
input|c7|4395159-4398486|-|BH695_4627|hypothetical	BGC0000332_c1	McnA	AAZ03550.1	AAZ03550.1	72	100	+	3953	7249	1550	0	NRP	cyanopeptolin			CP020771	Microcystis aeruginosa PCC 7806SL	GCA_002095975.1_ASM209597v1_genomic.json
input|c7|4399059-4401129|+|BH695_4628|hypothetical	BGC0000332_c1	McnF	AAZ03549.1	AAZ03549.1	97	100	-	1316	3385	1243	0	NRP	cyanopeptolin			CP020771	Microcystis aeruginosa PCC 7806SL	GCA_002095975.1_ASM209597v1_genomic.json
input|c7|4401132-4402359|+|BH695_4629|hypothetical	BGC0000332_c1	McnG	AAZ03548.1	AAZ03548.1	98	95.34313725490196	-	85	1254	775	3e-224	NRP	cyanopeptolin			CP020771	Microcystis aeruginosa PCC 7806SL	GCA_002095975.1_ASM209597v1_genomic.json
input|c7|4373267-4377524|-|BH695_4624|hypothetical	BGC0000331_c1	OciC	ABI26079.1	ABI26079.1	79	100.1410437235543	+	26962	31215	2212	0	NRP	cyanopeptin			CP020771	Microcystis aeruginosa PCC 7806SL	GCA_002095975.1_ASM209597v1_genomic.json
input|c7|4377689-4391831|-|BH695_4625|hypothetical	BGC0000331_c1	OciB	ABI26078.1	ABI26078.1	82	100.530447697857	+	12779	26965	7688	0	NRP	cyanopeptin			CP020771	Microcystis aeruginosa PCC 7806SL	GCA_002095975.1_ASM209597v1_genomic.json
input|c7|4399059-4401129|+|BH695_4628|hypothetical	BGC0000331_c1	ABC_transporter	ABI26076.1	ABI26076.1	81	100	-	1	2064	1073	1.3e-313	NRP	cyanopeptin			CP020771	Microcystis aeruginosa PCC 7806SL	GCA_002095975.1_ASM209597v1_genomic.json
input|c7|4369561-4370296|-|BH695_4618|hypothetical	BGC0000594_c1	short_chain_dehydrogenase	ACC54553.1	ACC54553.1	79	100	+	6075	6812	373	3.5e-103	RiPP	microviridin K			CP020771	Microcystis aeruginosa PCC 7806SL	GCA_002095975.1_ASM209597v1_genomic.json
input|c7|4370334-4371123|-|BH695_4619|hypothetical	BGC0000594_c1	putative_methyltransferase	ACC54546.1	ACC54546.1	74	99.61832061068702	+	1	798	408	8e-114	RiPP	microviridin K			CP020771	Microcystis aeruginosa PCC 7806SL	GCA_002095975.1_ASM209597v1_genomic.json
input|c7|4360807-4361863|+|BH695_4608|hypothetical	BGC0001664_c1	MstT	ATN39913.1	ATN39913.1	71	98.57549857549857	+	26678	27742	482	4.5e-136	Terpene	merosterol			CP020771	Microcystis aeruginosa PCC 7806SL	GCA_002095975.1_ASM209597v1_genomic.json
